TS1:1647873525.1358223,TS6:1647873528.2093642,3073.5418796539307
TS1:1647873525.1392417,TS6:1647873528.233751,3094.5093631744385
TS1:1647873525.1404347,TS6:1647873528.2351718,3094.7370529174805
TS1:1647873525.1417253,TS6:1647873528.2738123,3132.086992263794
TS1:1647873525.1429095,TS6:1647873528.2809687,3138.059139251709
TS1:1647873525.1454864,TS6:1647873528.2830648,3137.5784873962402
TS1:1647873525.137,TS6:1647873528.2863495,3149.3494510650635
TS1:1647873525.146742,TS6:1647873528.287567,3140.824794769287
TS1:1647873525.1441965,TS6:1647873528.290713,3146.5165615081787
TS1:1647873525.1381245,TS6:1647873528.293179,3155.0545692443848
TS1:1647873525.302333,TS6:1647873529.2411802,3938.847064971924
TS1:1647873525.3308244,TS6:1647873529.2464993,3915.674924850464
TS1:1647873525.2085886,TS6:1647873529.249105,4040.5163764953613
TS1:1647873525.371096,TS6:1647873529.2555237,3884.427785873413
TS1:1647873525.2449138,TS6:1647873529.2573025,4012.3887062072754
TS1:1647873525.235811,TS6:1647873529.2599845,4024.1734981536865
TS1:1647873525.531264,TS6:1647873529.263177,3731.912851333618
TS1:1647873525.356885,TS6:1647873529.2723868,3915.501832962036
TS1:1647873525.1989558,TS6:1647873529.2742295,4075.2737522125244
TS1:1647873525.1639569,TS6:1647873529.2770555,4113.098621368408
TS1:1647873525.480394,TS6:1647873529.2812264,3800.832509994507
TS1:1647873525.3178773,TS6:1647873529.2843914,3966.5141105651855
TS1:1647873525.4076395,TS6:1647873529.2894528,3881.8132877349854
TS1:1647873525.3917348,TS6:1647873529.2941887,3902.453899383545
TS1:1647873525.156492,TS6:1647873529.2974973,4141.005277633667
TS1:1647873525.4790983,TS6:1647873529.3002138,3821.115493774414
TS1:1647873525.4997177,TS6:1647873529.3055325,3805.814743041992
TS1:1647873525.2293184,TS6:1647873529.3081272,4078.8087844848633
TS1:1647873525.3866024,TS6:1647873529.3106403,3924.0379333496094
TS1:1647873525.5584018,TS6:1647873529.3128605,3754.4586658477783
TS1:1647873525.1704404,TS6:1647873529.3162978,4145.857334136963
TS1:1647873525.224142,TS6:1647873529.3177154,4093.5733318328857
TS1:1647873525.5165856,TS6:1647873529.3212612,3804.675579071045
TS1:1647873525.2397194,TS6:1647873529.322493,4082.7736854553223
TS1:1647873525.3985884,TS6:1647873529.324427,3925.8384704589844
TS1:1647873525.5217652,TS6:1647873529.326605,3804.839849472046
TS1:1647873525.155297,TS6:1647873529.329344,4174.046993255615
TS1:1647873525.50363,TS6:1647873529.3314903,3827.8603553771973
TS1:1647873525.3256576,TS6:1647873529.333806,4008.148431777954
TS1:1647873525.5023255,TS6:1647873529.336697,3834.371566772461
TS1:1647873525.4024768,TS6:1647873529.3398507,3937.3738765716553
TS1:1647873525.2501056,TS6:1647873529.34201,4091.904401779175
TS1:1647873525.4205215,TS6:1647873529.3446949,3924.173355102539
TS1:1647873525.4128125,TS6:1647873529.3471053,3934.292793273926
TS1:1647873525.3191736,TS6:1647873529.3493557,4030.182123184204
TS1:1647873525.481702,TS6:1647873529.351854,3870.151996612549
TS1:1647873525.1577284,TS6:1647873529.3544948,4196.766376495361
TS1:1647873525.4437425,TS6:1647873529.3569682,3913.2256507873535
TS1:1647873525.4295063,TS6:1647873529.3591332,3929.626941680908
TS1:1647873525.2578683,TS6:1647873529.3612893,4103.420972824097
TS1:1647873525.1795237,TS6:1647873529.3633575,4183.833837509155
TS1:1647873525.4880865,TS6:1647873529.3647027,3876.6162395477295
TS1:1647873525.415377,TS6:1647873529.3663764,3950.9994983673096
TS1:1647873525.3166046,TS6:1647873529.369103,4052.4983406066895
TS1:1647873525.5545256,TS6:1647873529.3706324,3816.1067962646484
TS1:1647873525.2015371,TS6:1647873529.372518,4170.980930328369
TS1:1647873525.1602144,TS6:1647873529.3741987,4213.984251022339
TS1:1647873525.308834,TS6:1647873529.3763874,4067.5532817840576
TS1:1647873525.3036442,TS6:1647873529.378568,4074.9237537384033
TS1:1647873525.2526803,TS6:1647873529.3804328,4127.7525424957275
TS1:1647873525.2984068,TS6:1647873529.3828404,4084.4335556030273
TS1:1647873525.1769068,TS6:1647873529.3844414,4207.534551620483
TS1:1647873525.5480604,TS6:1647873529.3862553,3838.1948471069336
TS1:1647873525.3373818,TS6:1647873529.3888903,4051.5084266662598
TS1:1647873525.2813635,TS6:1647873529.3909018,4109.538316726685
TS1:1647873525.535122,TS6:1647873529.3929386,3857.816696166992
TS1:1647873525.495847,TS6:1647873529.3946192,3898.7722396850586
TS1:1647873525.4688048,TS6:1647873529.397677,3928.8721084594727
TS1:1647873525.5688176,TS6:1647873529.4000409,3831.223249435425
TS1:1647873525.460798,TS6:1647873529.402665,3941.866874694824
TS1:1647873525.55582,TS6:1647873529.4031334,3847.313404083252
TS1:1647873525.342543,TS6:1647873529.4061506,4063.607692718506
TS1:1647873525.3062491,TS6:1647873529.408512,4102.2629737854
TS1:1647873525.2604485,TS6:1647873529.4107678,4150.319337844849
TS1:1647873525.5714033,TS6:1647873529.4129336,3841.5303230285645
TS1:1647873525.3269503,TS6:1647873529.4146998,4087.749481201172
TS1:1647873525.4230375,TS6:1647873529.4167,3993.6623573303223
TS1:1647873525.4714012,TS6:1647873529.41852,3947.1187591552734
TS1:1647873525.4102302,TS6:1647873529.4202166,4009.986400604248
TS1:1647873525.573996,TS6:1647873529.4255428,3851.5467643737793
TS1:1647873525.238401,TS6:1647873529.4333317,4194.930791854858
TS1:1647873525.299719,TS6:1647873529.4357967,4136.077642440796
TS1:1647873525.4893863,TS6:1647873529.4393167,3949.930429458618
TS1:1647873525.243622,TS6:1647873529.442964,4199.3420124053955
TS1:1647873525.452986,TS6:1647873529.4452775,3992.2914505004883
TS1:1647873525.186013,TS6:1647873529.4481547,4262.141704559326
TS1:1647873525.581704,TS6:1647873529.4522169,3870.5129623413086
TS1:1647873525.4765432,TS6:1647873529.4536781,3977.134943008423
TS1:1647873525.3517048,TS6:1647873529.4559727,4104.267835617065
TS1:1647873525.2267394,TS6:1647873529.457498,4230.7586669921875
TS1:1647873525.5114124,TS6:1647873529.4593332,3947.920799255371
TS1:1647873525.1515098,TS6:1647873529.461226,4309.71622467041
TS1:1647873525.459514,TS6:1647873529.465086,4005.5720806121826
TS1:1647873525.230651,TS6:1647873529.466359,4235.707998275757
TS1:1647873525.193812,TS6:1647873529.4704301,4276.618242263794
TS1:1647873525.399865,TS6:1647873529.4719284,4072.063446044922
TS1:1647873525.3620548,TS6:1647873529.474192,4112.137079238892
TS1:1647873525.1847143,TS6:1647873529.477957,4293.242692947388
TS1:1647873525.5204554,TS6:1647873529.4804037,3959.9483013153076
TS1:1647873525.321772,TS6:1647873529.4836233,4161.851167678833
TS1:1647873525.2098808,TS6:1647873529.4861093,4276.228427886963
TS1:1647873525.178226,TS6:1647873529.4905198,4312.293767929077
TS1:1647873525.339977,TS6:1647873529.4962265,4156.249523162842
TS1:1647873525.3852935,TS6:1647873529.4985738,4113.280296325684
TS1:1647873525.3335185,TS6:1647873529.5009506,4167.432069778442
TS1:1647873525.297115,TS6:1647873529.5051963,4208.081245422363
TS1:1647873525.549352,TS6:1647873529.5072014,3957.8495025634766
TS1:1647873525.1976807,TS6:1647873529.5119195,4314.238786697388
TS1:1647873525.360765,TS6:1647873529.5129898,4152.224779129028
TS1:1647873525.5803952,TS6:1647873529.5276277,3947.232484817505
TS1:1647873525.3646414,TS6:1647873529.5291643,4164.522886276245
TS1:1647873525.4842868,TS6:1647873529.5313993,4047.112464904785
TS1:1647873525.4424767,TS6:1647873529.5489783,4106.501579284668
TS1:1647873525.559712,TS6:1647873529.5520504,3992.3384189605713
TS1:1647873525.395604,TS6:1647873529.5546331,4159.029245376587
TS1:1647873525.2332132,TS6:1647873529.5570533,4323.840141296387
TS1:1647873525.2475257,TS6:1647873529.5667207,4319.195032119751
TS1:1647873525.180816,TS6:1647873529.570034,4389.218091964722
TS1:1647873525.2775269,TS6:1647873529.5708206,4293.293714523315
TS1:1647873525.403753,TS6:1647873529.572349,4168.596029281616
TS1:1647873525.240992,TS6:1647873529.575247,4334.25498008728
TS1:1647873525.4192402,TS6:1647873529.578013,4158.772706985474
TS1:1647873525.2800746,TS6:1647873529.579584,4299.509286880493
TS1:1647873525.5325496,TS6:1647873529.5819798,4049.4301319122314
TS1:1647873525.4320946,TS6:1647873529.584101,4152.006387710571
TS1:1647873525.1756327,TS6:1647873529.586151,4410.518169403076
TS1:1647873525.187304,TS6:1647873529.588306,4401.001930236816
TS1:1647873525.5075445,TS6:1647873529.591087,4083.542585372925
TS1:1647873525.4477658,TS6:1647873529.5933962,4145.630359649658
TS1:1647873525.1963758,TS6:1647873529.5954022,4399.026393890381
TS1:1647873525.310123,TS6:1647873529.5987947,4288.6717319488525
TS1:1647873525.1665027,TS6:1647873529.6017437,4435.240983963013
TS1:1647873525.5010087,TS6:1647873529.6028302,4101.821422576904
TS1:1647873525.2488148,TS6:1647873529.6066923,4357.877492904663
TS1:1647873525.4115393,TS6:1647873529.6087554,4197.216033935547
TS1:1647873525.276242,TS6:1647873529.6164925,4340.250492095947
TS1:1647873525.2539513,TS6:1647873529.6170762,4363.124847412109
TS1:1647873525.4398887,TS6:1647873529.617622,4177.7331829071045
TS1:1647873525.4385912,TS6:1647873529.619474,4180.882692337036
TS1:1647873525.5101275,TS6:1647873529.6227164,4112.588882446289
TS1:1647873525.347782,TS6:1647873529.6354053,4287.623405456543
TS1:1647873525.3503957,TS6:1647873529.6451848,4294.78907585144
TS1:1647873525.2228465,TS6:1647873529.6503074,4427.4609088897705
TS1:1647873525.504924,TS6:1647873529.6525733,4147.64928817749
TS1:1647873525.1886146,TS6:1647873529.6549091,4466.294527053833
TS1:1647873525.182109,TS6:1647873529.6575274,4475.418329238892
TS1:1647873525.216393,TS6:1647873529.6628377,4446.444749832153
TS1:1647873525.406338,TS6:1647873529.6711457,4264.80770111084
TS1:1647873525.3438349,TS6:1647873529.676343,4332.508087158203
TS1:1647873525.4166777,TS6:1647873529.6842632,4267.585515975952
TS1:1647873525.4662323,TS6:1647873529.6855962,4219.3639278411865
TS1:1647873525.5088365,TS6:1647873529.6883652,4179.528713226318
TS1:1647873525.374993,TS6:1647873529.6922488,4317.255735397339
TS1:1647873525.5191662,TS6:1647873529.7006228,4181.456565856934
TS1:1647873525.493289,TS6:1647873529.7012203,4207.931280136108
TS1:1647873525.4620614,TS6:1647873529.707086,4245.024681091309
TS1:1647873525.2723577,TS6:1647873529.710912,4438.554286956787
TS1:1647873525.5519457,TS6:1647873529.7116714,4159.725666046143
TS1:1647873525.4011571,TS6:1647873529.7167583,4315.601110458374
TS1:1647873525.5752738,TS6:1647873529.7201052,4144.831418991089
TS1:1647873525.355613,TS6:1647873529.7212036,4365.590572357178
TS1:1647873525.5139923,TS6:1647873529.7247732,4210.78085899353
TS1:1647873525.33611,TS6:1647873529.726741,4390.6309604644775
TS1:1647873525.312721,TS6:1647873529.7285614,4415.84038734436
TS1:1647873525.1730146,TS6:1647873529.7303376,4557.322978973389
TS1:1647873525.3451223,TS6:1647873529.7390952,4393.972873687744
TS1:1647873525.5152996,TS6:1647873529.741613,4226.313352584839
TS1:1647873525.1717365,TS6:1647873529.7469869,4575.2503871917725
TS1:1647873525.4582171,TS6:1647873529.750121,4291.903972625732
TS1:1647873525.424297,TS6:1647873529.7518384,4327.541351318359
TS1:1647873525.5338247,TS6:1647873529.7560775,4222.25284576416
TS1:1647873525.3891628,TS6:1647873529.7567132,4367.550373077393
TS1:1647873525.2189713,TS6:1647873529.7603815,4541.410207748413
TS1:1647873525.4359903,TS6:1647873529.7620702,4326.079845428467
TS1:1647873525.2904155,TS6:1647873529.764298,4473.882436752319
TS1:1647873525.2565677,TS6:1647873529.765967,4509.399175643921
TS1:1647873525.174338,TS6:1647873529.775765,4601.426839828491
TS1:1647873525.5364127,TS6:1647873529.778555,4242.142200469971
TS1:1647873525.3140094,TS6:1647873529.780697,4466.6876792907715
TS1:1647873525.2736778,TS6:1647873529.7848766,4511.1987590789795
TS1:1647873525.369805,TS6:1647873529.7891648,4419.3596839904785
TS1:1647873525.434694,TS6:1647873529.7932825,4358.588457107544
TS1:1647873525.5243528,TS6:1647873529.7947996,4270.44677734375
TS1:1647873525.4411805,TS6:1647873529.7965448,4355.3643226623535
TS1:1647873525.4543018,TS6:1647873529.7989724,4344.670534133911
TS1:1647873525.4269,TS6:1647873529.8011851,4374.2852210998535
TS1:1647873525.3672032,TS6:1647873529.8083034,4441.100120544434
TS1:1647873525.2371068,TS6:1647873529.8103604,4573.253631591797
TS1:1647873525.2919102,TS6:1647873529.8130019,4521.09169960022
TS1:1647873525.3581731,TS6:1647873529.8202143,4462.041139602661
TS1:1647873525.3010073,TS6:1647873529.8245907,4523.58341217041
TS1:1647873525.1651907,TS6:1647873529.8250818,4659.891128540039
TS1:1647873525.3775914,TS6:1647873529.8298118,4452.220439910889
TS1:1647873525.3153026,TS6:1647873529.8378043,4522.501707077026
TS1:1647873525.5178766,TS6:1647873529.8390687,4321.192026138306
TS1:1647873525.2059913,TS6:1647873529.8462331,4640.241861343384
TS1:1647873525.4450116,TS6:1647873529.8494503,4404.438734054565
TS1:1647873525.334831,TS6:1647873529.8536322,4518.801212310791
TS1:1647873525.3736937,TS6:1647873529.8574047,4483.711004257202
TS1:1647873525.1479192,TS6:1647873529.8599195,4712.000370025635
TS1:1647873525.220261,TS6:1647873529.8669,4646.638870239258
TS1:1647873525.2669466,TS6:1647873529.8724926,4605.545997619629
TS1:1647873525.4140973,TS6:1647873529.8767738,4462.676525115967
TS1:1647873525.3386862,TS6:1647873529.8850067,4546.32043838501
TS1:1647873525.5727117,TS6:1647873529.888612,4315.9003257751465
TS1:1647873525.285258,TS6:1647873529.8903959,4605.137825012207
TS1:1647873525.1678472,TS6:1647873529.8941214,4726.274251937866
TS1:1647873525.4984229,TS6:1647873529.8968956,4398.472785949707
TS1:1647873525.5269456,TS6:1647873529.8995929,4372.647285461426
TS1:1647873525.497139,TS6:1647873529.9060667,4408.92767906189
TS1:1647873525.4636643,TS6:1647873529.910293,4446.62880897522
TS1:1647873525.456902,TS6:1647873529.9135647,4456.662654876709
TS1:1647873525.4179506,TS6:1647873529.9180903,4500.1397132873535
TS1:1647873525.2945144,TS6:1647873529.9218817,4627.367258071899
TS1:1647873525.4217863,TS6:1647873529.9256017,4503.815412521362
TS1:1647873525.4503834,TS6:1647873529.9327948,4482.4113845825195
TS1:1647873525.1491065,TS6:1647873529.9409266,4791.820049285889
TS1:1647873525.4752567,TS6:1647873529.957484,4482.227325439453
TS1:1647873525.2423072,TS6:1647873529.9604802,4718.173027038574
TS1:1647873525.4308016,TS6:1647873529.9615726,4530.771017074585
TS1:1647873525.3464122,TS6:1647873529.963746,4617.333889007568
TS1:1647873525.2788055,TS6:1647873529.9666173,4687.811851501465
TS1:1647873525.311413,TS6:1647873529.9697425,4658.329486846924
TS1:1647873525.5506527,TS6:1647873529.973236,4422.583341598511
TS1:1647873525.2345135,TS6:1647873529.9743214,4739.807844161987
TS1:1647873525.354314,TS6:1647873529.9766018,4622.287750244141
TS1:1647873525.2002466,TS6:1647873529.9794705,4779.223918914795
TS1:1647873525.3049374,TS6:1647873529.981419,4676.4817237854
TS1:1647873525.5571115,TS6:1647873529.990485,4433.37345123291
TS1:1647873525.1627429,TS6:1647873529.9937446,4831.001758575439
TS1:1647873525.3075404,TS6:1647873529.9971097,4689.5692348480225
TS1:1647873525.405038,TS6:1647873530.0001976,4595.159530639648
TS1:1647873525.1912098,TS6:1647873530.0030832,4811.873435974121
TS1:1647873525.5415883,TS6:1647873530.0054708,4463.8824462890625
TS1:1647873525.192513,TS6:1647873530.0084825,4815.969467163086
TS1:1647873525.2124848,TS6:1647873530.0105038,4798.018932342529
TS1:1647873525.2617602,TS6:1647873530.0165474,4754.78720664978
TS1:1647873525.3827283,TS6:1647873530.0182526,4635.524272918701
TS1:1647873525.567529,TS6:1647873530.0204508,4452.9218673706055
TS1:1647873525.2891307,TS6:1647873530.0225258,4733.395099639893
TS1:1647873525.152814,TS6:1647873530.0246913,4871.877431869507
TS1:1647873525.4675105,TS6:1647873530.0270867,4559.5762729644775
TS1:1647873525.2643378,TS6:1647873530.0282023,4763.864517211914
TS1:1647873525.4739847,TS6:1647873530.0323203,4558.335542678833
TS1:1647873525.5127,TS6:1647873530.034387,4521.687030792236
TS1:1647873525.2072818,TS6:1647873530.0372555,4829.9736976623535
TS1:1647873525.2591584,TS6:1647873530.041104,4781.945705413818
TS1:1647873525.542882,TS6:1647873530.045096,4502.213954925537
TS1:1647873525.324352,TS6:1647873530.0493493,4724.997282028198
TS1:1647873525.341252,TS6:1647873530.052213,4710.960865020752
TS1:1647873525.2826707,TS6:1647873530.0552027,4772.531986236572
TS1:1647873525.3930051,TS6:1647873530.056494,4663.488864898682
TS1:1647873525.4920042,TS6:1647873530.060387,4568.382740020752
TS1:1647873525.4281938,TS6:1647873530.062649,4634.45520401001
TS1:1647873525.1899383,TS6:1647873530.0648975,4874.959230422974
TS1:1647873525.1950848,TS6:1647873530.0680292,4872.944355010986
TS1:1647873525.2111726,TS6:1647873530.0689502,4857.7775955200195
TS1:1647873525.2878404,TS6:1647873530.0728364,4784.996032714844
TS1:1647873525.1834028,TS6:1647873530.0768604,4893.457651138306
TS1:1647873525.5441718,TS6:1647873530.079469,4535.297155380249
TS1:1647873525.539008,TS6:1647873530.0814939,4542.485952377319
TS1:1647873525.221553,TS6:1647873530.0852396,4863.686561584473
TS1:1647873525.5610032,TS6:1647873530.089173,4528.169870376587
TS1:1647873525.4464822,TS6:1647873530.092995,4646.512746810913
TS1:1647873525.4727032,TS6:1647873530.0947864,4622.0831871032715
TS1:1647873525.159004,TS6:1647873530.0966623,4937.658309936523
TS1:1647873525.3490746,TS6:1647873530.0984216,4749.346971511841
TS1:1647873525.2137804,TS6:1647873530.1012037,4887.423276901245
TS1:1647873525.3594785,TS6:1647873530.1043196,4744.8410987854
TS1:1647873525.2697752,TS6:1647873530.109697,4839.921951293945
TS1:1647873525.4778273,TS6:1647873530.1133661,4635.538816452026
TS1:1647873525.4372802,TS6:1647873530.1205478,4683.267593383789
TS1:1647873525.2932143,TS6:1647873530.1223972,4829.182863235474
TS1:1647873525.16145,TS6:1647873530.124363,4962.913036346436
TS1:1647873525.5977526,TS6:1647873530.1326373,4534.884691238403
TS1:1647873525.9463525,TS6:1647873530.1388028,4192.450284957886
TS1:1647873525.88511,TS6:1647873530.1427095,4257.599592208862
TS1:1647873525.8357158,TS6:1647873530.1489363,4313.220500946045
TS1:1647873525.5467713,TS6:1647873530.1506746,4603.903293609619
TS1:1647873525.5299728,TS6:1647873530.1539657,4623.992919921875
TS1:1647873525.4516935,TS6:1647873530.1592188,4707.525253295898
TS1:1647873525.378878,TS6:1647873530.1630359,4784.157752990723
TS1:1647873525.2176776,TS6:1647873530.165233,4947.555303573608
TS1:1647873525.2033832,TS6:1647873530.1691706,4965.787410736084
TS1:1647873525.4867997,TS6:1647873530.1710944,4684.294700622559
TS1:1647873525.5778298,TS6:1647873530.1771903,4599.360466003418
TS1:1647873525.3204775,TS6:1647873530.181855,4861.377477645874
TS1:1647873525.5532355,TS6:1647873530.1836188,4630.383253097534
TS1:1647873525.2552755,TS6:1647873530.1856472,4930.3717613220215
TS1:1647873525.2684784,TS6:1647873530.187515,4919.036626815796
TS1:1647873525.2513893,TS6:1647873530.1893325,4937.94322013855
TS1:1647873525.494563,TS6:1647873530.1912746,4696.711540222168
TS1:1647873525.3762827,TS6:1647873530.1932347,4816.9519901275635
TS1:1647873525.154029,TS6:1647873530.1950073,5040.97843170166
TS1:1647873525.4701087,TS6:1647873530.2023518,4732.243061065674
TS1:1647873525.3723855,TS6:1647873530.2084916,4836.106061935425
TS1:1647873525.204697,TS6:1647873530.2105703,5005.873441696167
TS1:1647873525.5062497,TS6:1647873530.2135766,4707.326889038086
TS1:1647873525.5636272,TS6:1647873530.2173522,4653.724908828735
TS1:1647873525.1502943,TS6:1647873530.2197158,5069.4215297698975
TS1:1647873525.2254288,TS6:1647873530.2215407,4996.111869812012
TS1:1647873525.4490595,TS6:1647873530.2247603,4775.700807571411
TS1:1647873525.523061,TS6:1647873530.229165,4706.104040145874
TS1:1647873525.4255984,TS6:1647873530.2323043,4806.705951690674
TS1:1647873525.525653,TS6:1647873530.2371113,4711.458444595337
TS1:1647873525.5402803,TS6:1647873530.240419,4700.138568878174
TS1:1647873525.3904345,TS6:1647873530.2451794,4854.744911193848
TS1:1647873525.283968,TS6:1647873530.2489731,4965.005159378052
TS1:1647873525.2749505,TS6:1647873530.2537885,4978.837966918945
TS1:1647873525.3801508,TS6:1647873530.256285,4876.134157180786
TS1:1647873525.5377235,TS6:1647873530.258435,4720.711469650269
TS1:1647873525.3529978,TS6:1647873530.2621572,4909.159421920776
TS1:1647873525.2151084,TS6:1647873530.265472,5050.363540649414
TS1:1647873525.271067,TS6:1647873530.2682571,4997.190237045288
TS1:1647873525.3814418,TS6:1647873530.2728834,4891.441583633423
TS1:1647873525.408913,TS6:1647873530.2777026,4868.7896728515625
TS1:1647873525.3943152,TS6:1647873530.2834318,4889.116525650024
TS1:1647873525.365914,TS6:1647873530.2852833,4919.369220733643
TS1:1647873525.3282397,TS6:1647873530.2892482,4961.008548736572
TS1:1647873525.2280288,TS6:1647873530.292256,5064.227342605591
TS1:1647873525.545477,TS6:1647873530.2968924,4751.415491104126
TS1:1647873525.4855917,TS6:1647873530.3009222,4815.330505371094
TS1:1647873526.198776,TS6:1647873530.3028932,4104.117155075073
TS1:1647873525.3685088,TS6:1647873530.3053033,4936.7945194244385
TS1:1647873525.332114,TS6:1647873530.3093927,4977.278709411621
TS1:1647873525.384021,TS6:1647873530.3133116,4929.290533065796
TS1:1647873526.3838887,TS6:1647873530.3164794,3932.5907230377197
TS1:1647873526.3524811,TS6:1647873530.32109,3968.608856201172
TS1:1647873525.9825454,TS6:1647873530.3331137,4350.5682945251465
TS1:1647873526.0702338,TS6:1647873530.3352585,4265.024662017822
TS1:1647873526.1089718,TS6:1647873530.3385131,4229.541301727295
TS1:1647873526.1948826,TS6:1647873530.34212,4147.237300872803
TS1:1647873525.9709418,TS6:1647873530.3455057,4374.563932418823
TS1:1647873526.325309,TS6:1647873530.3485603,4023.2512950897217
TS1:1647873526.0754206,TS6:1647873530.350584,4275.163412094116
TS1:1647873525.39689,TS6:1647873530.3538446,4956.954717636108
TS1:1647873525.2462325,TS6:1647873530.3570938,5110.861301422119
TS1:1647873525.2319248,TS6:1647873530.3617504,5129.825592041016
TS1:1647873525.579102,TS6:1647873530.3637524,4784.6503257751465
TS1:1647873525.4649303,TS6:1647873530.3658726,4900.942325592041
TS1:1647873525.56492,TS6:1647873530.3689647,4804.044723510742
TS1:1647873525.6731577,TS6:1647873530.3707917,4697.633981704712
TS1:1647873525.868698,TS6:1647873530.372913,4504.2150020599365
TS1:1647873525.6575131,TS6:1647873530.3748007,4717.287540435791
TS1:1647873525.8201902,TS6:1647873530.376893,4556.7028522491455
TS1:1647873525.641884,TS6:1647873530.3791158,4737.231731414795
TS1:1647873525.8047068,TS6:1647873530.3807898,4576.082944869995
TS1:1647873525.7604814,TS6:1647873530.3827577,4622.276306152344
TS1:1647873525.923072,TS6:1647873530.3851013,4462.029218673706
TS1:1647873525.8799438,TS6:1647873530.387215,4507.27105140686
TS1:1647873525.774747,TS6:1647873530.3896046,4614.8576736450195
TS1:1647873525.790394,TS6:1647873530.391908,4601.513862609863
TS1:1647873525.937339,TS6:1647873530.39477,4457.430839538574
TS1:1647873525.726472,TS6:1647873530.3967552,4670.283317565918
TS1:1647873525.889017,TS6:1647873530.3983166,4509.299516677856
TS1:1647873525.6276813,TS6:1647873530.4000678,4772.38655090332
TS1:1647873525.6121402,TS6:1647873530.4015555,4789.41535949707
TS1:1647873525.5623364,TS6:1647873530.4043381,4842.001676559448
TS1:1647873525.744736,TS6:1647873530.4064167,4661.680698394775
TS1:1647873525.7174046,TS6:1647873530.408437,4691.032409667969
TS1:1647873525.6965227,TS6:1647873530.4111142,4714.591503143311
TS1:1647873525.8597114,TS6:1647873530.4126732,4552.961826324463
TS1:1647873525.639335,TS6:1647873530.4149382,4775.603294372559
TS1:1647873525.8446603,TS6:1647873530.4175212,4572.860956192017
TS1:1647873525.1691449,TS6:1647873530.4196434,5250.498533248901
TS1:1647873525.6823,TS6:1647873530.4216993,4739.399194717407
TS1:1647873525.8485126,TS6:1647873530.4235554,4575.042724609375
TS1:1647873525.8433757,TS6:1647873530.4252486,4581.872940063477
TS1:1647873525.6809857,TS6:1647873530.4270546,4746.068954467773
TS1:1647873525.6861415,TS6:1647873530.428962,4742.820501327515
TS1:1647873525.8020997,TS6:1647873530.4308536,4628.753900527954
TS1:1647873525.5894983,TS6:1647873530.4332125,4843.714237213135
TS1:1647873525.9032748,TS6:1647873530.4385996,4535.324811935425
TS1:1647873525.861015,TS6:1647873530.4403675,4579.352378845215
TS1:1647873525.6978135,TS6:1647873530.442352,4744.5385456085205
TS1:1647873525.6341872,TS6:1647873530.4440522,4809.8649978637695
TS1:1647873525.7969294,TS6:1647873530.4457765,4648.8471031188965
TS1:1647873525.5856068,TS6:1647873530.4479296,4862.322807312012
TS1:1647873525.7486217,TS6:1647873530.4497244,4701.102733612061
TS1:1647873525.9111595,TS6:1647873530.4513779,4540.218353271484
TS1:1647873525.7003958,TS6:1647873530.4536283,4753.232479095459
TS1:1647873525.863708,TS6:1647873530.4549289,4591.220855712891
TS1:1647873525.6562216,TS6:1647873530.4574926,4801.270961761475
TS1:1647873525.818918,TS6:1647873530.4599843,4641.066312789917
TS1:1647873525.6457484,TS6:1647873530.462405,4816.656589508057
TS1:1647873525.8086042,TS6:1647873530.4645765,4655.972242355347
TS1:1647873525.608257,TS6:1647873530.4671197,4858.862638473511
TS1:1647873525.6523106,TS6:1647873530.4693134,4817.002773284912
TS1:1647873525.815055,TS6:1647873530.4717355,4656.680583953857
TS1:1647873525.5701122,TS6:1647873530.4739578,4903.845548629761
TS1:1647873525.7251656,TS6:1647873530.4763865,4751.220941543579
TS1:1647873525.887721,TS6:1647873530.4787962,4591.07518196106
TS1:1647873525.7096045,TS6:1647873530.4813788,4771.7742919921875
TS1:1647873525.8240733,TS6:1647873530.482822,4658.748626708984
TS1:1647873525.8722482,TS6:1647873530.485062,4612.813711166382
TS1:1647873525.6173267,TS6:1647873530.4870985,4869.771718978882
TS1:1647873525.7550995,TS6:1647873530.4893284,4734.228849411011
TS1:1647873525.7799275,TS6:1647873530.4912956,4711.368083953857
TS1:1647873525.7395363,TS6:1647873530.4939613,4754.425048828125
TS1:1647873525.942494,TS6:1647873530.49597,4553.476095199585
TS1:1647873525.736943,TS6:1647873530.4984872,4761.544227600098
TS1:1647873525.9176693,TS6:1647873530.500192,4582.522630691528
TS1:1647873525.899392,TS6:1647873530.5024707,4603.078842163086
TS1:1647873525.9019918,TS6:1647873530.5043662,4602.374315261841
TS1:1647873525.679693,TS6:1647873530.506551,4826.858043670654
TS1:1647873525.5920846,TS6:1647873530.5079513,4915.8666133880615
TS1:1647873525.8420916,TS6:1647873530.51006,4667.968511581421
TS1:1647873525.6952329,TS6:1647873530.5125835,4817.350625991821
TS1:1647873525.631605,TS6:1647873530.51514,4883.535146713257
TS1:1647873525.8033917,TS6:1647873530.5178947,4714.503049850464
TS1:1647873525.7943125,TS6:1647873530.5192223,4724.909782409668
TS1:1647873525.8583906,TS6:1647873530.5219555,4663.564920425415
TS1:1647873525.616037,TS6:1647873530.5235097,4907.472848892212
TS1:1647873525.915066,TS6:1647873530.5254421,4610.3761196136475
TS1:1647873525.7786353,TS6:1647873530.527871,4749.2356300354
TS1:1647873525.7525132,TS6:1647873530.5302355,4777.722358703613
TS1:1647873525.9412,TS6:1647873530.5324485,4591.248512268066
TS1:1647873525.8008082,TS6:1647873530.5346398,4733.8316440582275
TS1:1647873525.734342,TS6:1647873530.5359123,4801.570177078247
TS1:1647873525.8968368,TS6:1647873530.5380647,4641.227960586548
TS1:1647873525.6614962,TS6:1647873530.5407135,4879.2173862457275
TS1:1647873525.7995174,TS6:1647873530.5435765,4744.059085845947
TS1:1647873525.6913288,TS6:1647873530.5458472,4854.518413543701
TS1:1647873525.75659,TS6:1647873530.5482905,4791.700601577759
TS1:1647873525.919202,TS6:1647873530.5508077,4631.605625152588
TS1:1647873525.6367812,TS6:1647873530.5533795,4916.598320007324
TS1:1647873525.8542204,TS6:1647873530.5554729,4701.252460479736
TS1:1647873525.7408395,TS6:1647873530.5572739,4816.434383392334
TS1:1647873525.593858,TS6:1647873530.5597944,4965.9364223480225
TS1:1647873525.907073,TS6:1647873530.5621521,4655.079126358032
TS1:1647873525.621192,TS6:1647873530.5647104,4943.518400192261
TS1:1647873525.638051,TS6:1647873530.5668247,4928.773641586304
TS1:1647873525.783809,TS6:1647873530.568957,4785.148143768311
TS1:1647873525.4333856,TS6:1647873530.5708847,5137.499094009399
TS1:1647873525.735653,TS6:1647873530.5730016,4837.348699569702
TS1:1647873525.8981187,TS6:1647873530.5748446,4676.7258644104
TS1:1647873525.6874335,TS6:1647873530.5771291,4889.695644378662
TS1:1647873525.8498,TS6:1647873530.5790782,4729.278087615967
TS1:1647873525.675768,TS6:1647873530.5812228,4905.454874038696
TS1:1647873525.7956555,TS6:1647873530.5842402,4788.5847091674805
TS1:1647873525.5765457,TS6:1647873530.5853088,5008.763074874878
TS1:1647873525.7317407,TS6:1647873530.5868797,4855.1390171051025
TS1:1647873525.894251,TS6:1647873530.5894794,4695.228338241577
TS1:1647873525.6836023,TS6:1647873530.5912538,4907.651424407959
TS1:1647873525.845951,TS6:1647873530.5937138,4747.762680053711
TS1:1647873525.6354954,TS6:1647873530.5948668,4959.371328353882
TS1:1647873525.9058034,TS6:1647873530.5964046,4690.601110458374
TS1:1647873525.566236,TS6:1647873530.597806,5031.569957733154
TS1:1647873525.7382405,TS6:1647873530.5993598,4861.119270324707
TS1:1647873525.6900396,TS6:1647873530.6004817,4910.442113876343
TS1:1647873525.9006996,TS6:1647873530.602076,4701.376438140869
TS1:1647873525.8523607,TS6:1647873530.6034079,4751.047134399414
TS1:1647873525.6744528,TS6:1647873530.60469,4930.237293243408
TS1:1647873525.630291,TS6:1647873530.6074831,4977.192163467407
TS1:1647873525.5869012,TS6:1647873530.6092608,5022.359609603882
TS1:1647873525.74992,TS6:1647873530.611165,4861.245155334473
TS1:1647873525.7929976,TS6:1647873530.6131186,4820.121049880981
TS1:1647873525.8369868,TS6:1647873530.6138384,4776.851654052734
TS1:1647873525.912475,TS6:1647873530.6147075,4702.232360839844
TS1:1647873525.6601837,TS6:1647873530.6172261,4957.042455673218
TS1:1647873525.8227854,TS6:1647873530.6186616,4795.876264572144
TS1:1647873525.6444426,TS6:1647873530.620266,4975.823402404785
TS1:1647873525.5964472,TS6:1647873530.6221366,5025.689363479614
TS1:1647873525.759173,TS6:1647873530.6238284,4864.655494689941
TS1:1647873525.8072934,TS6:1647873530.6255202,4818.2268142700195
TS1:1647873525.92178,TS6:1647873530.6269975,4705.217361450195
TS1:1647873525.714815,TS6:1647873530.6285832,4913.768291473389
TS1:1647873525.8773634,TS6:1647873530.6296422,4752.278804779053
TS1:1647873525.671868,TS6:1647873530.6310697,4959.2015743255615
TS1:1647873525.8344128,TS6:1647873530.6331866,4798.773765563965
TS1:1647873525.6147478,TS6:1647873530.6348233,5020.075559616089
TS1:1647873525.7773304,TS6:1647873530.6361864,4858.855962753296
TS1:1647873525.9399374,TS6:1647873530.6374266,4697.489261627197
TS1:1647873525.7290452,TS6:1647873530.6388137,4909.768581390381
TS1:1647873525.718717,TS6:1647873530.6402414,4921.524286270142
TS1:1647873525.7890682,TS6:1647873530.6449392,4855.870962142944
TS1:1647873525.8812177,TS6:1647873530.6454375,4764.219760894775
TS1:1647873525.6263747,TS6:1647873530.6483982,5022.023439407349
TS1:1647873525.582996,TS6:1647873530.6507297,5067.7337646484375
TS1:1647873525.8318298,TS6:1647873530.6526113,4820.781469345093
TS1:1647873525.670568,TS6:1647873530.6546977,4984.1296672821045
TS1:1647873525.6692753,TS6:1647873530.6564348,4987.159490585327
TS1:1647873525.8331225,TS6:1647873530.6589468,4825.82426071167
TS1:1647873525.8760684,TS6:1647873530.6607933,4784.724950790405
TS1:1647873525.6224985,TS6:1647873530.6632547,5040.7562255859375
TS1:1647873525.713505,TS6:1647873530.6653657,4951.860666275024
TS1:1647873525.7851057,TS6:1647873530.6675951,4882.489442825317
TS1:1647873525.8916464,TS6:1647873530.669254,4777.607679367065
TS1:1647873525.6108496,TS6:1647873530.6730876,5062.237977981567
TS1:1647873525.743422,TS6:1647873530.6735384,4930.116415023804
TS1:1647873525.5907953,TS6:1647873530.6765525,5085.757255554199
TS1:1647873525.7734306,TS6:1647873530.6793356,4905.90500831604
TS1:1647873525.632898,TS6:1647873530.6805663,5047.668218612671
TS1:1647873525.916362,TS6:1647873530.6837153,4767.353296279907
TS1:1647873525.936046,TS6:1647873530.6849308,4748.884916305542
TS1:1647873525.753807,TS6:1647873530.687616,4933.809041976929
TS1:1647873525.8382838,TS6:1647873530.689779,4851.495265960693
TS1:1647873525.7982392,TS6:1647873530.6917634,4893.524169921875
TS1:1647873525.7303662,TS6:1647873530.6933353,4962.969064712524
TS1:1647873525.8929377,TS6:1647873530.6948733,4801.93567276001
TS1:1647873525.6666937,TS6:1647873530.6966867,5029.993057250977
TS1:1647873525.8292494,TS6:1647873530.698078,4868.828535079956
TS1:1647873525.6186333,TS6:1647873530.7000656,5081.432342529297
TS1:1647873525.7812176,TS6:1647873530.7020245,4920.806884765625
TS1:1647873525.9437687,TS6:1647873530.7033563,4759.587526321411
TS1:1647873525.7330384,TS6:1647873530.70497,4971.931457519531
TS1:1647873525.8955438,TS6:1647873530.706743,4811.199188232422
TS1:1647873525.6887443,TS6:1647873530.708686,5019.941806793213
TS1:1647873525.85107,TS6:1647873530.7102804,4859.21049118042
TS1:1647873525.8408113,TS6:1647873530.7119925,4871.18124961853
TS1:1647873525.6783829,TS6:1647873530.7140028,5035.6199741363525
TS1:1647873525.7708452,TS6:1647873530.7156296,4944.78440284729
TS1:1647873525.7057111,TS6:1647873530.7173145,5011.603355407715
TS1:1647873525.9334376,TS6:1647873530.718717,4785.2795124053955
TS1:1647873525.869881,TS6:1647873530.7208097,4850.928783416748
TS1:1647873525.7225978,TS6:1647873530.7221527,4999.554872512817
TS1:1647873525.7069914,TS6:1647873530.723539,5016.547679901123
TS1:1647873525.6628108,TS6:1647873530.7256541,5062.843322753906
TS1:1647873525.825364,TS6:1647873530.7273395,4901.975393295288
TS1:1647873525.6199205,TS6:1647873530.7288382,5108.917713165283
TS1:1647873525.7825108,TS6:1647873530.7309089,4948.398113250732
TS1:1647873525.945052,TS6:1647873530.73251,4787.458181381226
TS1:1647873525.8555083,TS6:1647873530.7341228,4878.61442565918
TS1:1647873525.6770592,TS6:1647873530.7357714,5058.7122440338135
TS1:1647873525.839552,TS6:1647873530.7371645,4897.612571716309
TS1:1647873525.6926374,TS6:1647873530.738824,5046.186447143555
TS1:1647873525.909665,TS6:1647873530.741128,4831.462860107422
TS1:1647873525.286548,TS6:1647873530.7435632,5457.0152759552
TS1:1647873525.867515,TS6:1647873530.7454479,4877.932786941528
TS1:1647873525.747318,TS6:1647873530.747325,5000.006914138794
TS1:1647873525.704379,TS6:1647873530.7490108,5044.631719589233
TS1:1647873525.924364,TS6:1647873530.7515533,4827.189207077026
TS1:1647873525.6470387,TS6:1647873530.753061,5106.022357940674
TS1:1647873525.7617867,TS6:1647873530.7550826,4993.295907974243
TS1:1647873525.8098962,TS6:1647873530.7569797,4947.083473205566
TS1:1647873525.9083622,TS6:1647873530.7587411,4850.37899017334
TS1:1647873525.7017272,TS6:1647873530.7608666,5059.1394901275635
TS1:1647873525.7460256,TS6:1647873530.7627885,5016.762971878052
TS1:1647873525.8650064,TS6:1647873530.763978,4898.9715576171875
TS1:1647873525.599025,TS6:1647873530.7661195,5167.094469070435
TS1:1647873525.6589031,TS6:1647873530.7676141,5108.711004257202
TS1:1647873525.628975,TS6:1647873530.7690394,5140.064477920532
TS1:1647873525.821491,TS6:1647873530.7705307,4949.039697647095
TS1:1647873525.5881915,TS6:1647873530.7726653,5184.473752975464
TS1:1647873525.7512124,TS6:1647873530.7781384,5026.926040649414
TS1:1647873525.703075,TS6:1647873530.7813332,5078.258275985718
TS1:1647873525.6549284,TS6:1647873530.7828934,5127.964973449707
TS1:1647873525.6431704,TS6:1647873530.7851365,5141.966104507446
TS1:1647873525.8663225,TS6:1647873530.7870817,4920.759201049805
TS1:1647873525.817631,TS6:1647873530.7889795,4971.348524093628
TS1:1647873525.913772,TS6:1647873530.7905393,4876.767158508301
TS1:1647873525.8060038,TS6:1647873530.7922823,4986.278533935547
TS1:1647873525.6003158,TS6:1647873530.79476,5194.444179534912
TS1:1647873525.9256742,TS6:1647873530.7965891,4870.914936065674
TS1:1647873525.7917058,TS6:1647873530.7986982,5006.992340087891
TS1:1647873525.76308,TS6:1647873530.800184,5037.10412979126
TS1:1647873525.5842986,TS6:1647873530.8016253,5217.326641082764
TS1:1647873525.765677,TS6:1647873530.8039832,5038.30623626709
TS1:1647873525.9282422,TS6:1647873530.8053825,4877.140283584595
TS1:1647873525.651005,TS6:1647873530.807255,5156.25
TS1:1647873525.8137734,TS6:1647873530.8095477,4995.774269104004
TS1:1647873525.710901,TS6:1647873530.8117917,5100.890636444092
TS1:1647873525.7212944,TS6:1647873530.8132522,5091.957807540894
TS1:1647873525.873622,TS6:1647873530.8150828,4941.460847854614
TS1:1647873525.883804,TS6:1647873530.8172307,4933.42661857605
TS1:1647873525.640612,TS6:1647873530.8184686,5177.856683731079
TS1:1647873525.60955,TS6:1647873530.8210266,5211.476564407349
TS1:1647873525.7877114,TS6:1647873530.8229458,5035.234451293945
TS1:1647873525.89034,TS6:1647873530.8249826,4934.642553329468
TS1:1647873525.7721384,TS6:1647873530.826686,5054.547548294067
TS1:1647873525.9347546,TS6:1647873530.8289027,4894.148111343384
TS1:1647873525.847233,TS6:1647873530.8306127,4983.379602432251
TS1:1647873525.7277594,TS6:1647873530.833016,5105.2565574646
TS1:1647873525.5951507,TS6:1647873530.8345244,5239.373683929443
TS1:1647873525.7578733,TS6:1647873530.8364556,5078.582286834717
TS1:1647873525.2958214,TS6:1647873530.8386989,5542.877435684204
TS1:1647873525.9205036,TS6:1647873530.840202,4919.698476791382
TS1:1647873525.68487,TS6:1647873530.8416924,5156.822443008423
TS1:1647873525.9045396,TS6:1647873530.8437088,4939.16916847229
TS1:1647873525.7421305,TS6:1647873530.8456326,5103.502035140991
TS1:1647873525.6939423,TS6:1647873530.8470554,5153.113126754761
TS1:1647873525.7121928,TS6:1647873530.8487432,5136.550426483154
TS1:1647873525.7695525,TS6:1647873530.8508794,5081.326961517334
TS1:1647873525.606965,TS6:1647873530.8523962,5245.431184768677
TS1:1647873525.9321384,TS6:1647873530.8543243,4922.185897827148
TS1:1647873525.874802,TS6:1647873530.8560379,4981.23574256897
TS1:1647873525.6640844,TS6:1647873530.8583145,5194.230079650879
TS1:1647873525.826671,TS6:1647873530.8600287,5033.357858657837
TS1:1647873525.6483295,TS6:1647873530.8616815,5213.3519649505615
TS1:1647873525.8111832,TS6:1647873530.8638797,5052.696466445923
TS1:1647873525.6043797,TS6:1647873530.8653324,5260.952711105347
TS1:1647873525.7669697,TS6:1647873530.8670175,5100.047826766968
TS1:1647873525.9295504,TS6:1647873530.86903,4939.47958946228
TS1:1647873525.7238894,TS6:1647873530.8711123,5147.222995758057
TS1:1647873525.886403,TS6:1647873530.8725421,4986.1390590667725
TS1:1647873525.6536272,TS6:1647873530.8743346,5220.707416534424
TS1:1647873525.8163257,TS6:1647873530.8760648,5059.739112854004
TS1:1647873525.6056702,TS6:1647873530.8776517,5271.981477737427
TS1:1647873525.768261,TS6:1647873530.87955,5111.289024353027
TS1:1647873525.9308465,TS6:1647873530.8812265,4950.380086898804
TS1:1647873525.7200184,TS6:1647873530.8829389,5162.9204750061035
TS1:1647873525.8825138,TS6:1647873530.8846354,5002.121686935425
TS1:1647873525.7082877,TS6:1647873530.8867981,5178.510427474976
TS1:1647873525.871066,TS6:1647873530.8882523,5017.186164855957
TS1:1647873525.6653762,TS6:1647873530.8904757,5225.099563598633
TS1:1647873525.6017623,TS6:1647873530.892572,5290.809631347656
TS1:1647873525.7643714,TS6:1647873530.8945699,5130.1984786987305
TS1:1647873525.9269493,TS6:1647873530.8965487,4969.599485397339
TS1:1647873525.7161088,TS6:1647873530.8985758,5182.466983795166
TS1:1647873525.8305397,TS6:1647873530.9003084,5069.768667221069
TS1:1647873525.878662,TS6:1647873530.9027834,5024.121284484863
TS1:1647873525.6679823,TS6:1647873530.9041867,5236.204385757446
TS1:1647873525.786398,TS6:1647873530.9060514,5119.6534633636475
TS1:1647873525.6134317,TS6:1647873530.907786,5294.354200363159
TS1:1647873525.7760396,TS6:1647873530.909105,5133.065462112427
TS1:1647873525.9386508,TS6:1647873530.910309,4971.658229827881
TS1:1647873525.8124862,TS6:1647873530.9118264,5099.340200424194
TS1:1647873525.6496477,TS6:1647873530.9137688,5264.121055603027
TS1:1647873525.6251018,TS6:1647873530.9151018,5289.999961853027
TS1:1647873525.6991038,TS6:1647873530.916481,5217.377185821533
TS1:1647873525.862381,TS6:1647873530.9178278,5055.4468631744385
TS1:1647873525.8569844,TS6:1647873530.9192154,5062.231063842773
TS1:1647873525.603064,TS6:1647873530.9213552,5318.291187286377
TS1:1647873525.6238034,TS6:1647873530.9228988,5299.095392227173
TS1:1647873525.8279593,TS6:1647873530.9243348,5096.375465393066
TS1:1647873525.998433,TS6:1647873530.926397,4927.963972091675
TS1:1647873526.160821,TS6:1647873530.9277565,4766.935586929321
TS1:1647873526.2956583,TS6:1647873530.9293091,4633.650779724121
TS1:1647873526.0476048,TS6:1647873530.930758,4883.153200149536
TS1:1647873526.1776133,TS6:1647873530.9321887,4754.575490951538
TS1:1647873526.1037967,TS6:1647873530.934456,4830.65938949585
TS1:1647873526.3124416,TS6:1647873530.939379,4626.937389373779
TS1:1647873526.2385898,TS6:1647873530.941316,4702.726125717163
TS1:1647873525.9735105,TS6:1647873530.9417644,4968.25385093689
TS1:1647873526.259364,TS6:1647873530.944862,4685.497999191284
TS1:1647873526.389111,TS6:1647873530.9454036,4556.292533874512
TS1:1647873526.016593,TS6:1647873530.9471743,4930.581331253052
TS1:1647873526.1465187,TS6:1647873530.9487462,4802.22749710083
TS1:1647873526.2813468,TS6:1647873530.9504385,4669.091701507568
TS1:1647873526.4111805,TS6:1647873530.952339,4541.158437728882
TS1:1647873526.05063,TS6:1647873530.9542446,4903.614521026611
TS1:1647873526.315035,TS6:1647873530.9561174,4641.082286834717
TS1:1647873525.9945648,TS6:1647873530.9573412,4962.77642250061
TS1:1647873526.3679736,TS6:1647873530.959442,4591.468334197998
TS1:1647873525.9696374,TS6:1647873530.9608502,4991.212844848633
TS1:1647873526.4254386,TS6:1647873530.9620612,4536.622524261475
TS1:1647873526.124697,TS6:1647873530.9634235,4838.72652053833
TS1:1647873526.0999038,TS6:1647873530.9646897,4864.78590965271
TS1:1647873526.2346888,TS6:1647873530.966662,4731.973171234131
TS1:1647873526.1806924,TS6:1647873530.9678936,4787.201166152954
TS1:1647873526.3666832,TS6:1647873530.969837,4603.153705596924
TS1:1647873525.9893866,TS6:1647873530.9716089,4982.222318649292
TS1:1647873526.1025016,TS6:1647873530.9732032,4870.701551437378
TS1:1647873526.1195362,TS6:1647873530.975024,4855.487823486328
TS1:1647873526.0140202,TS6:1647873530.9764686,4962.448358535767
TS1:1647873526.1439552,TS6:1647873530.9780214,4834.066152572632
TS1:1647873526.408595,TS6:1647873530.9797342,4571.139097213745
TS1:1647873526.2542412,TS6:1647873530.9815483,4727.307081222534
TS1:1647873525.9932723,TS6:1647873530.9828722,4989.599943161011
TS1:1647873526.2787647,TS6:1647873530.9845884,4705.823659896851
TS1:1647873525.9722111,TS6:1647873530.9862573,5014.046192169189
TS1:1647873526.3330994,TS6:1647873530.9902263,4657.126903533936
TS1:1647873526.2372797,TS6:1647873530.991955,4754.675388336182
TS1:1647873526.068912,TS6:1647873530.9938042,4924.89218711853
TS1:1647873526.3641102,TS6:1647873530.9955182,4631.407976150513
TS1:1647873526.387803,TS6:1647873530.9970922,4609.289169311523
TS1:1647873526.1233928,TS6:1647873530.99883,4875.437259674072
TS1:1647873526.2580752,TS6:1647873531.0004733,4742.398023605347
TS1:1647873525.3878975,TS6:1647873531.0076394,5619.741916656494
TS1:1647873525.4556105,TS6:1647873531.0093296,5553.719043731689
TS1:1647873526.0127244,TS6:1647873531.0121632,4999.438762664795
TS1:1647873526.407302,TS6:1647873531.0146368,4607.334852218628
TS1:1647873526.27749,TS6:1647873531.016186,4738.696098327637
TS1:1647873526.0662978,TS6:1647873531.0182498,4951.95198059082
TS1:1647873526.142671,TS6:1647873531.0200021,4877.331018447876
TS1:1647873526.1961763,TS6:1647873531.0207486,4824.572324752808
TS1:1647873525.957986,TS6:1647873531.0227082,5064.722061157227
TS1:1647873526.3305142,TS6:1647873531.0249515,4694.437265396118
TS1:1647873526.0882518,TS6:1647873531.026047,4937.795162200928
TS1:1647873526.222516,TS6:1647873531.0274456,4804.929494857788
TS1:1647873526.0114076,TS6:1647873531.0294716,5018.064022064209
TS1:1647873526.1413653,TS6:1647873531.0307102,4889.344930648804
TS1:1647873526.0243294,TS6:1647873531.0324335,5008.104085922241
TS1:1647873526.1543224,TS6:1647873531.034266,4879.943609237671
TS1:1647873526.2891154,TS6:1647873531.035907,4746.79160118103
TS1:1647873526.4189956,TS6:1647873531.0372894,4618.293762207031
TS1:1647873526.0741088,TS6:1647873531.0391357,4965.02685546875
TS1:1647873526.0519123,TS6:1647873531.0415995,4989.687204360962
TS1:1647873526.338277,TS6:1647873531.043389,4705.111980438232
TS1:1647873526.3692746,TS6:1647873531.0451891,4675.914525985718
TS1:1647873526.2619364,TS6:1647873531.0469878,4785.051345825195
TS1:1647873525.9670422,TS6:1647873531.048366,5081.323862075806
TS1:1647873525.9971418,TS6:1647873531.0496466,5052.504777908325
TS1:1647873526.0972943,TS6:1647873531.0531297,4955.835342407227
TS1:1647873526.1051033,TS6:1647873531.0542586,4949.155330657959
TS1:1647873526.2321036,TS6:1647873531.0571074,4825.003862380981
TS1:1647873526.1272335,TS6:1647873531.058318,4931.084394454956
TS1:1647873525.988096,TS6:1647873531.0639346,5075.838565826416
TS1:1647873526.3615215,TS6:1647873531.0654404,4703.918933868408
TS1:1647873526.239885,TS6:1647873531.0661044,4826.219320297241
TS1:1647873525.974799,TS6:1647873531.0672948,5092.495918273926
TS1:1647873526.1182244,TS6:1647873531.0712924,4953.068017959595
TS1:1647873526.391724,TS6:1647873531.072742,4681.017875671387
TS1:1647873526.4228914,TS6:1647873531.0751317,4652.24027633667
TS1:1647873526.3163056,TS6:1647873531.0770714,4760.765790939331
TS1:1647873526.18198,TS6:1647873531.0789416,4896.961688995361
TS1:1647873526.3825943,TS6:1647873531.0821235,4699.52917098999
TS1:1647873526.2037866,TS6:1647873531.0850194,4881.232738494873
TS1:1647873526.4060173,TS6:1647873531.0854075,4679.39019203186
TS1:1647873526.0281904,TS6:1647873531.086123,5057.932615280151
TS1:1647873526.29301,TS6:1647873531.086502,4793.492078781128
TS1:1647873526.2529502,TS6:1647873531.0906332,4837.6829624176025
TS1:1647873526.1582386,TS6:1647873531.0928648,4934.62610244751
TS1:1647873526.0424268,TS6:1647873531.0959413,5053.51448059082
TS1:1647873526.2761686,TS6:1647873531.0963264,4820.157766342163
TS1:1647873526.1724007,TS6:1647873531.0980027,4925.601959228516
TS1:1647873526.30727,TS6:1647873531.100742,4793.472051620483
TS1:1647873526.4371126,TS6:1647873531.103963,4666.850328445435
TS1:1647873525.9657505,TS6:1647873531.1072843,5141.533851623535
TS1:1647873526.0960028,TS6:1647873531.1100943,5014.091491699219
TS1:1647873526.2308152,TS6:1647873531.112872,4882.056713104248
TS1:1647873526.3602166,TS6:1647873531.1160166,4755.800008773804
TS1:1647873525.2656555,TS6:1647873531.1178138,5852.158308029175
TS1:1647873525.2630482,TS6:1647873531.1189163,5855.868101119995
TS1:1647873526.1128817,TS6:1647873531.12197,5009.0882778167725
TS1:1647873526.2477214,TS6:1647873531.124522,4876.800537109375
TS1:1647873526.3772025,TS6:1647873531.1278844,4750.6818771362305
TS1:1647873526.038545,TS6:1647873531.1305487,5092.00382232666
TS1:1647873526.3033965,TS6:1647873531.1336946,4830.298185348511
TS1:1647873525.9515345,TS6:1647873531.1363382,5184.80372428894
TS1:1647873526.324036,TS6:1647873531.139273,4815.237045288086
TS1:1647873526.0818083,TS6:1647873531.1424243,5060.616016387939
TS1:1647873526.215713,TS6:1647873531.1455321,4929.819107055664
TS1:1647873526.345987,TS6:1647873531.1483505,4802.363395690918
TS1:1647873525.9855125,TS6:1647873531.151273,5165.760517120361
TS1:1647873526.115631,TS6:1647873531.15383,5038.198947906494
TS1:1647873526.2503371,TS6:1647873531.1565259,4906.188726425171
TS1:1647873526.3799706,TS6:1647873531.1610887,4781.118154525757
TS1:1647873526.1646712,TS6:1647873531.163599,4998.92783164978
TS1:1647873526.1685236,TS6:1647873531.166234,4997.710466384888
TS1:1647873526.03467,TS6:1647873531.169257,5134.586811065674
TS1:1647873526.2995312,TS6:1647873531.1719713,4872.4400997161865
TS1:1647873526.4292903,TS6:1647873531.1744905,4745.200157165527
TS1:1647873525.9489467,TS6:1647873531.1773791,5228.432416915894
TS1:1647873526.208976,TS6:1647873531.1804118,4971.435785293579
TS1:1647873526.3434114,TS6:1647873531.183374,4839.962482452393
TS1:1647873526.079263,TS6:1647873531.186238,5106.975078582764
TS1:1647873526.0036457,TS6:1647873531.189336,5185.690402984619
TS1:1647873526.2683918,TS6:1647873531.1927066,4924.314737319946
TS1:1647873526.1883862,TS6:1647873531.195999,5007.612705230713
TS1:1647873526.133706,TS6:1647873531.1993525,5065.646409988403
TS1:1647873526.3982575,TS6:1647873531.202604,4804.346561431885
TS1:1647873526.0372536,TS6:1647873531.2056887,5168.435096740723
TS1:1647873526.0596724,TS6:1647873531.2091007,5149.428367614746
TS1:1647873526.1672318,TS6:1647873531.2121325,5044.90065574646
TS1:1647873526.3021076,TS6:1647873531.2150154,4912.907838821411
TS1:1647873526.4318955,TS6:1647873531.2179792,4786.083698272705
TS1:1647873526.0544927,TS6:1647873531.2206812,5166.188478469849
TS1:1647873526.184544,TS6:1647873531.223788,5039.243936538696
TS1:1647873526.3188813,TS6:1647873531.2267678,4907.886505126953
TS1:1647873525.9476607,TS6:1647873531.2295227,5281.862020492554
TS1:1647873526.0779772,TS6:1647873531.2325299,5154.552698135376
TS1:1647873526.207684,TS6:1647873531.2351234,5027.43935585022
TS1:1647873526.3421392,TS6:1647873531.2382708,4896.13151550293
TS1:1647873526.0010366,TS6:1647873531.240963,5239.926338195801
TS1:1647873526.1311042,TS6:1647873531.243594,5112.489700317383
TS1:1647873526.2658117,TS6:1647873531.2464752,4980.663537979126
TS1:1647873526.1896973,TS6:1647873531.2492156,5059.518337249756
TS1:1647873526.395649,TS6:1647873531.252336,4856.687068939209
TS1:1647873526.023038,TS6:1647873531.2555633,5232.52534866333
TS1:1647873526.1529915,TS6:1647873531.258489,5105.497360229492
TS1:1647873526.2878246,TS6:1647873531.2614398,4973.6151695251465
TS1:1647873526.4177015,TS6:1647873531.2642276,4846.526145935059
TS1:1647873526.076705,TS6:1647873531.2673016,5190.596580505371
TS1:1647873526.2063775,TS6:1647873531.2708714,5064.493894577026
TS1:1647873526.3408546,TS6:1647873531.2739832,4933.128595352173
TS1:1647873525.9631407,TS6:1647873531.275409,5312.268257141113
TS1:1647873526.0934277,TS6:1647873531.2779198,5184.492111206055
TS1:1647873526.2282476,TS6:1647873531.28031,5052.062273025513
TS1:1647873526.357663,TS6:1647873531.2832134,4925.55046081543
TS1:1647873525.9868062,TS6:1647873531.2859874,5299.181222915649
TS1:1647873526.1169057,TS6:1647873531.2888827,5171.9770431518555
TS1:1647873526.251643,TS6:1647873531.2915444,5039.901494979858
TS1:1647873526.381273,TS6:1647873531.2945027,4913.229703903198
TS1:1647873526.0398376,TS6:1647873531.297283,5257.445335388184
TS1:1647873526.169816,TS6:1647873531.2995331,5129.717111587524
TS1:1647873526.304686,TS6:1647873531.3020716,4997.385501861572
TS1:1647873526.434494,TS6:1647873531.3049781,4870.484113693237
TS1:1647873526.0622518,TS6:1647873531.3074007,5245.1488971710205
TS1:1647873526.1922822,TS6:1647873531.310146,5117.863893508911
TS1:1647873526.3266177,TS6:1647873531.3129253,4986.307621002197
TS1:1647873525.9592595,TS6:1647873531.315662,5356.402397155762
TS1:1647873526.089543,TS6:1647873531.317642,5228.0988693237305
TS1:1647873526.2238135,TS6:1647873531.3205287,5096.715211868286
TS1:1647873526.3537753,TS6:1647873531.3236525,4969.877243041992
TS1:1647873526.0088265,TS6:1647873531.3242583,5315.431833267212
TS1:1647873526.138797,TS6:1647873531.3268864,5188.089370727539
TS1:1647873526.3227491,TS6:1647873531.3294733,5006.724119186401
TS1:1647873526.2736297,TS6:1647873531.3321278,5058.49814414978
TS1:1647873526.4034317,TS6:1647873531.3347318,4931.300163269043
TS1:1647873526.0320742,TS6:1647873531.3378823,5305.808067321777
TS1:1647873526.162124,TS6:1647873531.3406029,5178.478956222534
TS1:1647873526.296943,TS6:1647873531.3421338,5045.190811157227
TS1:1647873526.4267218,TS6:1647873531.3445497,4917.827844619751
TS1:1647873526.053186,TS6:1647873531.34732,5294.134140014648
TS1:1647873526.1832523,TS6:1647873531.349987,5166.73469543457
TS1:1647873526.0583732,TS6:1647873531.3529572,5294.584035873413
TS1:1647873526.3176074,TS6:1647873531.3556652,5038.057804107666
TS1:1647873526.1077,TS6:1647873531.3585684,5250.868320465088
TS1:1647873525.977385,TS6:1647873531.3614395,5384.05442237854
TS1:1647873526.2424438,TS6:1647873531.3642416,5121.797800064087
TS1:1647873526.37186,TS6:1647873531.3675392,4995.679140090942
TS1:1647873526.0308034,TS6:1647873531.37005,5339.246511459351
TS1:1647873526.1285253,TS6:1647873531.3729694,5244.444131851196
TS1:1647873526.263228,TS6:1647873531.3756533,5112.425327301025
TS1:1647873526.393016,TS6:1647873531.3784115,4985.395431518555
TS1:1647873526.0152922,TS6:1647873531.3813853,5366.093158721924
TS1:1647873526.145226,TS6:1647873531.3845687,5239.34268951416
TS1:1647873526.2800555,TS6:1647873531.387385,5107.329368591309
TS1:1647873526.4098887,TS6:1647873531.3901184,4980.229616165161
TS1:1647873526.071524,TS6:1647873531.3928123,5321.288347244263
TS1:1647873526.201326,TS6:1647873531.3956513,5194.3254470825195
TS1:1647873526.3357,TS6:1647873531.3983512,5062.65115737915
TS1:1647873525.9618497,TS6:1647873531.4013011,5439.451456069946
TS1:1647873526.2269578,TS6:1647873531.4039755,5177.017688751221
TS1:1647873526.0921562,TS6:1647873531.4068563,5314.700126647949
TS1:1647873526.356357,TS6:1647873531.4104183,5054.0611743927
TS1:1647873525.9842105,TS6:1647873531.4128628,5428.652286529541
TS1:1647873526.1142876,TS6:1647873531.4156258,5301.338195800781
TS1:1647873526.249018,TS6:1647873531.4186718,5169.65389251709
TS1:1647873526.3785098,TS6:1647873531.4215994,5043.0896282196045
TS1:1647873526.1478095,TS6:1647873531.4244258,5276.616334915161
TS1:1647873526.017876,TS6:1647873531.4271903,5409.314393997192
TS1:1647873526.282649,TS6:1647873531.430176,5147.526979446411
TS1:1647873526.4124925,TS6:1647873531.4334035,5020.910978317261
TS1:1647873526.0676177,TS6:1647873531.4365826,5368.964910507202
TS1:1647873526.1974795,TS6:1647873531.4397337,5242.254257202148
TS1:1647873526.331806,TS6:1647873531.4427166,5110.910654067993
TS1:1647873525.9605494,TS6:1647873531.4456754,5485.12601852417
TS1:1647873526.0908487,TS6:1647873531.448418,5357.569217681885
TS1:1647873526.4331863,TS6:1647873531.4504788,5017.292499542236
TS1:1647873526.225669,TS6:1647873531.4539752,5228.306293487549
TS1:1647873526.3550649,TS6:1647873531.45661,5101.545095443726
TS1:1647873526.111597,TS6:1647873531.459592,5347.995042800903
TS1:1647873525.981255,TS6:1647873531.4633572,5482.102155685425
TS1:1647873526.2464044,TS6:1647873531.4660869,5219.682455062866
TS1:1647873526.3759086,TS6:1647873531.46973,5093.821287155151
TS1:1647873526.0359628,TS6:1647873531.4720027,5436.039924621582
TS1:1647873526.3008225,TS6:1647873531.4752297,5174.407243728638
TS1:1647873526.1659606,TS6:1647873531.4780886,5312.128067016602
TS1:1647873526.2000625,TS6:1647873531.4799058,5279.843330383301
TS1:1647873526.2212107,TS6:1647873531.4820979,5260.887145996094
TS1:1647873526.3343935,TS6:1647873531.4841077,5149.714231491089
TS1:1647873526.4306002,TS6:1647873531.4873853,5056.785106658936
TS1:1647873526.3511765,TS6:1647873531.4888194,5137.642860412598
TS1:1647873525.9566913,TS6:1647873531.4899056,5533.214330673218
TS1:1647873525.9799626,TS6:1647873531.4924247,5512.462139129639
TS1:1647873526.0869806,TS6:1647873531.4943523,5407.371759414673
TS1:1647873525.4907024,TS6:1647873531.4972014,6006.4990520477295
TS1:1647873526.0333662,TS6:1647873531.4989996,5465.633392333984
TS1:1647873526.1633885,TS6:1647873531.5008852,5337.496757507324
TS1:1647873526.2982364,TS6:1647873531.50287,5204.633712768555
TS1:1647873526.4279983,TS6:1647873531.5046856,5076.687335968018
TS1:1647873526.0557814,TS6:1647873531.5065138,5450.732469558716
TS1:1647873526.1858325,TS6:1647873531.5083668,5322.5343227386475
TS1:1647873526.320165,TS6:1647873531.511632,5191.467046737671
TS1:1647873525.97867,TS6:1647873531.5137982,5535.128355026245
TS1:1647873526.2437508,TS6:1647873531.5158796,5272.1288204193115
TS1:1647873526.3731515,TS6:1647873531.5178924,5144.74081993103
TS1:1647873525.9958508,TS6:1647873531.5198326,5523.981809616089
TS1:1647873526.125962,TS6:1647873531.5218577,5395.895719528198
TS1:1647873526.3904085,TS6:1647873531.525293,5134.884595870972
TS1:1647873526.283951,TS6:1647873531.5279872,5244.0361976623535
TS1:1647873526.4137886,TS6:1647873531.528363,5114.574432373047
TS1:1647873526.149102,TS6:1647873531.5287244,5379.622459411621
TS1:1647873526.072817,TS6:1647873531.530962,5458.144903182983
TS1:1647873526.2606633,TS6:1647873531.5321598,5271.496534347534
TS1:1647873526.0947297,TS6:1647873531.533801,5439.071416854858
TS1:1647873525.9919832,TS6:1647873531.5362463,5544.263124465942
TS1:1647873526.2025151,TS6:1647873531.536607,5334.091901779175
TS1:1647873526.2295277,TS6:1647873531.5396185,5310.090780258179
TS1:1647873526.3589506,TS6:1647873531.5402489,5181.29825592041
TS1:1647873526.122099,TS6:1647873531.541343,5419.244050979614
TS1:1647873526.3746076,TS6:1647873531.5429358,5168.328285217285
TS1:1647873525.96443,TS6:1647873531.5465796,5582.149505615234
TS1:1647873526.2568045,TS6:1647873531.547626,5290.821552276611
TS1:1647873526.3865128,TS6:1647873531.548068,5161.555290222168
TS1:1647873526.2450433,TS6:1647873531.549552,5304.508686065674
TS1:1647873526.0191472,TS6:1647873531.5527337,5533.586502075195
TS1:1647873526.0411286,TS6:1647873531.55308,5511.951446533203
TS1:1647873526.1711078,TS6:1647873531.5545862,5383.478403091431
TS1:1647873526.3059778,TS6:1647873531.5560534,5250.075578689575
TS1:1647873526.4357889,TS6:1647873531.5577188,5121.929883956909
TS1:1647873525.955384,TS6:1647873531.5593033,5603.919267654419
TS1:1647873526.219915,TS6:1647873531.5662396,5346.324682235718
TS1:1647873526.3498862,TS6:1647873531.5682096,5218.323469161987
TS1:1647873526.0101182,TS6:1647873531.5699255,5559.807300567627
TS1:1647873526.0856822,TS6:1647873531.5716417,5485.959529876709
TS1:1647873526.1103077,TS6:1647873531.5743806,5464.072942733765
TS1:1647873526.3369827,TS6:1647873531.5762162,5239.233493804932
TS1:1647873526.1400928,TS6:1647873531.5765724,5436.479568481445
TS1:1647873525.5286777,TS6:1647873531.5785468,6049.869060516357
TS1:1647873525.3633454,TS6:1647873531.5808353,6217.489957809448
TS1:1647873526.0805438,TS6:1647873531.5823948,5501.8510818481445
TS1:1647873526.210312,TS6:1647873531.5842512,5373.939275741577
TS1:1647873526.0062454,TS6:1647873531.585719,5579.4737339019775
TS1:1647873526.193584,TS6:1647873531.5877898,5394.205808639526
TS1:1647873526.0635417,TS6:1647873531.5901887,5526.647090911865
TS1:1647873526.0648444,TS6:1647873531.5921028,5527.258396148682
TS1:1647873526.3137517,TS6:1647873531.5940166,5280.264854431152
TS1:1647873526.4047265,TS6:1647873531.59772,5192.993402481079
TS1:1647873526.3292112,TS6:1647873531.5998697,5270.658493041992
TS1:1647873526.0493486,TS6:1647873531.6008515,5551.50294303894
TS1:1647873526.1569226,TS6:1647873531.6025178,5445.595264434814
TS1:1647873526.396941,TS6:1647873531.6042833,5207.3423862457275
TS1:1647873526.0256271,TS6:1647873531.606098,5580.47080039978
TS1:1647873526.2904112,TS6:1647873531.6081007,5317.689418792725
TS1:1647873526.046313,TS6:1647873531.6096003,5563.287258148193
TS1:1647873526.1763048,TS6:1647873531.6112244,5434.919595718384
TS1:1647873526.420305,TS6:1647873531.6129465,5192.641496658325
TS1:1647873526.3653955,TS6:1647873531.6147492,5249.353647232056
TS1:1647873526.2671003,TS6:1647873531.6202211,5353.120803833008
TS1:1647873526.0023396,TS6:1647873531.6243892,5622.049570083618
TS1:1647873526.083083,TS6:1647873531.624768,5541.685104370117
TS1:1647873526.1750145,TS6:1647873531.6263802,5451.36570930481
TS1:1647873526.132393,TS6:1647873531.6284857,5496.092796325684
TS1:1647873526.4163888,TS6:1647873531.6302814,5213.892698287964
TS1:1647873526.3472843,TS6:1647873531.6322324,5284.948110580444
TS1:1647873526.0269003,TS6:1647873531.634186,5607.285737991333
TS1:1647873526.2710316,TS6:1647873531.6356108,5364.579200744629
TS1:1647873525.950241,TS6:1647873531.6371734,5686.932325363159
TS1:1647873526.344715,TS6:1647873531.6389608,5294.245719909668
TS1:1647873526.1794024,TS6:1647873531.6416209,5462.218523025513
TS1:1647873526.2173278,TS6:1647873531.6432173,5425.889492034912
TS1:1647873526.3279176,TS6:1647873531.6450002,5317.082643508911
TS1:1647873525.9528265,TS6:1647873531.6471765,5694.350004196167
TS1:1647873525.3295305,TS6:1647873531.649269,6319.7386264801025
TS1:1647873526.269736,TS6:1647873531.651107,5381.371021270752
TS1:1647873526.3628166,TS6:1647873531.652711,5289.894342422485
TS1:1647873526.2865336,TS6:1647873531.6540706,5367.537021636963
TS1:1647873526.021767,TS6:1647873531.6552813,5633.514404296875
TS1:1647873526.1350002,TS6:1647873531.6615207,5526.520490646362
TS1:1647873526.3851874,TS6:1647873531.6619475,5276.760101318359
TS1:1647873526.3098545,TS6:1647873531.6644454,5354.590892791748
TS1:1647873525.968331,TS6:1647873531.671336,5703.004837036133
TS1:1647873526.3995807,TS6:1647873531.6748886,5275.307893753052
TS1:1647873526.0049362,TS6:1647873531.6789138,5673.977613449097
TS1:1647873526.2360032,TS6:1647873531.682654,5446.650743484497
TS1:1647873526.291718,TS6:1647873531.6859639,5394.245862960815
TS1:1647873526.043737,TS6:1647873531.6893823,5645.645380020142
TS1:1647873526.4215972,TS6:1647873531.692782,5271.184682846069
TS1:1647873526.2748966,TS6:1647873531.6958246,5420.928001403809
TS1:1647873526.3111515,TS6:1647873531.698548,5387.396574020386
TS1:1647873526.15563,TS6:1647873531.7005587,5544.928550720215
TS1:1647873526.1011958,TS6:1647873531.7028809,5601.685047149658
TS1:1647873525.990694,TS6:1647873531.7040517,5713.35768699646
TS1:1647873526.17372,TS6:1647873531.7074435,5533.723592758179
TS1:1647873526.4008565,TS6:1647873531.7100832,5309.226751327515
TS1:1647873526.045003,TS6:1647873531.7124424,5667.4394607543945
TS1:1647873526.120808,TS6:1647873531.7139163,5593.108415603638
TS1:1647873526.1362877,TS6:1647873531.7172544,5580.9667110443115
TS1:1647873526.0986109,TS6:1647873531.719843,5621.232032775879
TS1:1647873526.2555256,TS6:1647873531.720744,5465.218305587769
TS1:1647873526.151701,TS6:1647873531.723583,5571.882009506226
TS1:1647873526.308561,TS6:1647873531.7245955,5416.034460067749
TS1:1647873526.23338,TS6:1647873531.727178,5493.798017501831
TS1:1647873526.4384089,TS6:1647873531.7295475,5291.138648986816
TS1:1647873526.1909924,TS6:1647873531.731786,5540.793657302856
TS1:1647873525.954094,TS6:1647873531.7326446,5778.550624847412
TS1:1647873526.060942,TS6:1647873531.7345119,5673.569917678833
TS1:1647873526.0843754,TS6:1647873531.7370682,5652.692794799805
TS1:1647873525.482995,TS6:1647873531.7379112,6254.916191101074
TS1:1647873526.2186337,TS6:1647873531.7386358,5520.002126693726
TS1:1647873526.3485932,TS6:1647873531.740854,5392.260789871216
TS1:1647873526.0075374,TS6:1647873531.7420895,5734.5521450042725
TS1:1647873526.1375062,TS6:1647873531.744136,5606.629848480225
TS1:1647873526.057053,TS6:1647873531.7454345,5688.3814334869385
TS1:1647873526.1871154,TS6:1647873531.7474806,5560.365200042725
TS1:1647873526.3214371,TS6:1647873531.7486625,5427.225351333618
TS1:1647873525.976068,TS6:1647873531.7516298,5775.561809539795
TS1:1647873526.1063943,TS6:1647873531.7525296,5646.135330200195
TS1:1647873526.241171,TS6:1647873531.7535136,5512.342691421509
TS1:1647873526.3705652,TS6:1647873531.7550209,5384.455680847168
TS1:1647873526.2723207,TS6:1647873531.7567928,5484.472036361694
TS1:1647873526.2943482,TS6:1647873531.7577808,5463.432550430298
TS1:1647873525.9997432,TS6:1647873531.7617328,5761.989593505859
TS1:1647873526.0294924,TS6:1647873531.7635446,5734.0521812438965
TS1:1647873526.2645233,TS6:1647873531.764602,5500.0786781311035
TS1:1647873526.129816,TS6:1647873531.7667613,5636.9452476501465
TS1:1647873526.4021406,TS6:1647873531.7680745,5365.933895111084
TS1:1647873526.1595314,TS6:1647873531.7699957,5610.464334487915
TS1:1647873526.4241767,TS6:1647873531.7711399,5346.963167190552
TS1:1647873526.39434,TS6:1647873531.773687,5379.34684753418
TS1:1647873526.1503923,TS6:1647873531.780215,5629.822731018066
TS1:1647873526.2852418,TS6:1647873531.7832081,5497.966289520264
TS1:1647873526.415093,TS6:1647873531.7853332,5370.240211486816
TS1:1647873526.339579,TS6:1647873531.7886379,5449.058771133423
TS1:1647873525.323064,TS6:1647873531.7933705,6470.306396484375
TS1:1647873526.020436,TS6:1647873531.79459,5774.1539478302
TS1:1647873526.205102,TS6:1647873531.7983532,5593.2512283325195
